"Region Code","Timestamp (Hour Ending)","Wind Generation (MWh)","Solar Generation (MWh)","Hydro Generation (MWh)","Other Generation (MWh)","Petroleum Generation (MWh)","Natural gas Generation (MWh)","Coal Generation (MWh)","Nuclear Generation (MWh)"
NW,"2/1/2020 12 a.m. PST",7521,0,13787,999,61,8104,8663,1138
NW,"2/1/2020 1 a.m. PST",7770,-1,12680,1041,61,7833,8345,1141
NW,"2/1/2020 2 a.m. PST",7961,1,12301,1052,61,7395,8198,1149
NW,"2/1/2020 3 a.m. PST",8322,-3,11735,1048,61,7301,8241,1147
NW,"2/1/2020 4 a.m. PST",8805,0,11582,1036,61,7208,8242,1148
NW,"2/1/2020 5 a.m. PST",8869,0,11967,1052,61,7318,8192,1152
NW,"2/1/2020 6 a.m. PST",8673,-1,13223,1052,61,7466,8311,1152
NW,"2/1/2020 7 a.m. PST",9554,31,13839,1059,61,7546,8669,1154
NW,"2/1/2020 8 a.m. PST",10005,721,14094,1050,62,7073,8880,1153
NW,"2/1/2020 9 a.m. PST",9278,1663,14422,987,61,6805,8105,1150
NW,"2/1/2020 10 a.m. PST",8957,1892,15026,971,61,6662,7509,1148
NW,"2/1/2020 11 a.m. PST",8924,1886,15143,990,60,6562,7259,1153
NW,"2/1/2020 12 p.m. PST",9355,1818,14594,985,60,6425,7122,1150
NW,"2/1/2020 1 p.m. PST",9746,1828,14379,967,60,5525,6860,1154
NW,"2/1/2020 2 p.m. PST",9980,1880,14375,954,59,5660,6709,1160
NW,"2/1/2020 3 p.m. PST",10088,1823,14350,951,59,5852,6625,1160
NW,"2/1/2020 4 p.m. PST",9747,1273,14709,942,60,6781,7160,1158
NW,"2/1/2020 5 p.m. PST",9913,249,16244,956,60,7511,8559,1163
NW,"2/1/2020 6 p.m. PST",9915,0,17238,992,62,7827,9524,1166
NW,"2/1/2020 7 p.m. PST",9544,0,17898,990,62,7670,9596,1167
NW,"2/1/2020 8 p.m. PST",9402,0,17685,993,61,7468,9334,1169
NW,"2/1/2020 9 p.m. PST",9588,0,17206,1012,61,7291,9236,1170
NW,"2/1/2020 10 p.m. PST",9464,1,16201,993,62,7033,9275,1172
NW,"2/1/2020 11 p.m. PST",8957,-2,15564,1015,62,7131,8824,1173
NW,"2/2/2020 12 a.m. PST",8516,0,14861,999,62,7199,8531,1173
NW,"2/2/2020 1 a.m. PST",7860,-1,14250,1005,62,7057,8497,1175
NW,"2/2/2020 2 a.m. PST",7285,0,14402,996,61,7130,8698,1173
NW,"2/2/2020 3 a.m. PST",7249,-1,14455,998,59,7099,8527,1175
NW,"2/2/2020 4 a.m. PST",7572,-1,14435,991,59,7086,8372,1177
NW,"2/2/2020 5 a.m. PST",7396,0,15148,1001,60,7153,8550,1176
NW,"2/2/2020 6 a.m. PST",6965,0,16569,1010,61,7563,8854,1177
NW,"2/2/2020 7 a.m. PST",6242,53,17649,1008,61,7939,9720,1178
NW,"2/2/2020 8 a.m. PST",5343,864,18028,1007,59,7872,10001,1179
NW,"2/2/2020 9 a.m. PST",4607,1789,18041,1045,60,7295,9514,1179
NW,"2/2/2020 10 a.m. PST",4140,1951,17738,1012,60,7551,9666,1179
NW,"2/2/2020 11 a.m. PST",4787,1933,17409,1001,60,7222,8549,1177
NW,"2/2/2020 12 p.m. PST",4726,1914,16769,996,62,6833,7898,1176
NW,"2/2/2020 1 p.m. PST",4721,1881,16540,992,61,6683,7805,1176
NW,"2/2/2020 2 p.m. PST",4606,1842,16326,996,59,6498,7957,1176
NW,"2/2/2020 3 p.m. PST",4488,1861,16315,1004,60,6591,7716,1175
NW,"2/2/2020 4 p.m. PST",3802,1033,16727,1019,60,7741,8210,1177
NW,"2/2/2020 5 p.m. PST",3983,208,18121,1030,60,8314,9309,1176
NW,"2/2/2020 6 p.m. PST",4667,0,19680,1018,61,8454,9884,1176
NW,"2/2/2020 7 p.m. PST",5142,-2,19965,1027,59,8296,9930,1178
NW,"2/2/2020 8 p.m. PST",5209,-1,20324,1049,58,8310,9758,1179
NW,"2/2/2020 9 p.m. PST",5586,0,19834,1053,60,8193,9995,1179
NW,"2/2/2020 10 p.m. PST",5561,-1,18832,1048,60,8169,10086,1180
NW,"2/2/2020 11 p.m. PST",5443,0,17465,1047,61,8052,10048,1177
NW,"2/3/2020 12 a.m. PST",5409,0,15969,1055,61,7851,9940,1175
NW,"2/3/2020 1 a.m. PST",5266,-1,16072,1052,61,7988,9486,1175
NW,"2/3/2020 2 a.m. PST",5505,0,15428,1043,60,8022,9286,1179
NW,"2/3/2020 3 a.m. PST",5620,0,15193,1048,59,8182,9312,1179
NW,"2/3/2020 4 a.m. PST",5343,0,15737,1035,59,8671,9383,1175
NW,"2/3/2020 5 a.m. PST",5127,-2,17145,1043,59,8874,10107,1177
NW,"2/3/2020 6 a.m. PST",5026,0,18298,1053,59,9779,10838,1175
NW,"2/3/2020 7 a.m. PST",4429,14,19835,1060,59,10803,11721,1175
NW,"2/3/2020 8 a.m. PST",4435,327,20154,1073,59,11393,11683,1176
NW,"2/3/2020 9 a.m. PST",4175,984,20120,1069,57,11007,11039,1174
NW,"2/3/2020 10 a.m. PST",4061,1381,19120,1070,57,10554,9780,1172
NW,"2/3/2020 11 a.m. PST",4075,1542,18270,1062,59,10579,9383,1173
NW,"2/3/2020 12 p.m. PST",4384,1657,17199,1058,59,10469,9130,1175
NW,"2/3/2020 1 p.m. PST",4469,1737,16998,1070,59,10454,9059,1176
NW,"2/3/2020 2 p.m. PST",4004,1735,16778,1060,58,10590,8939,1177
NW,"2/3/2020 3 p.m. PST",3658,1588,16799,1061,57,10348,8725,1176
NW,"2/3/2020 4 p.m. PST",3550,1267,18087,1050,58,11189,9102,1175
NW,"2/3/2020 5 p.m. PST",3707,285,19431,1036,57,11724,10677,1176
NW,"2/3/2020 6 p.m. PST",3960,1,20280,1031,59,12130,12001,1176
NW,"2/3/2020 7 p.m. PST",3677,-1,20928,1039,60,12047,12133,1177
NW,"2/3/2020 8 p.m. PST",3424,0,20789,1036,61,12012,12121,1177
NW,"2/3/2020 9 p.m. PST",3500,-1,20157,1037,61,11784,11857,1178
NW,"2/3/2020 10 p.m. PST",3415,0,19053,1039,61,11681,11333,1180
NW,"2/3/2020 11 p.m. PST",3330,-2,17857,1029,61,11183,11001,1179
NW,"2/4/2020 12 a.m. PST",2863,0,16881,1029,59,11105,11121,1178
NW,"2/4/2020 1 a.m. PST",2394,-2,17782,1025,60,11008,10732,1174
NW,"2/4/2020 2 a.m. PST",2257,-1,17649,1013,61,10988,10714,1175
NW,"2/4/2020 3 a.m. PST",2229,-1,17768,1018,61,10872,10951,1176
NW,"2/4/2020 4 a.m. PST",1938,-1,18259,1008,60,11002,11583,1177
NW,"2/4/2020 5 a.m. PST",1783,-1,19407,999,60,11198,11943,1176
NW,"2/4/2020 6 a.m. PST",1757,0,20584,1007,60,11939,12615,1178
NW,"2/4/2020 7 a.m. PST",2128,9,20885,1015,59,13079,12804,1181
NW,"2/4/2020 8 a.m. PST",2459,471,21130,1026,59,12970,12819,1181
NW,"2/4/2020 9 a.m. PST",2409,1530,20815,1025,58,11878,12151,1182
NW,"2/4/2020 10 a.m. PST",2652,1798,19889,1034,58,11217,11339,1180
NW,"2/4/2020 11 a.m. PST",3041,1905,19090,1176,61,10908,10506,1178
NW,"2/4/2020 12 p.m. PST",3628,1904,18615,1052,60,10927,10177,1176
NW,"2/4/2020 1 p.m. PST",4156,1934,18728,1046,60,10627,9902,1175
NW,"2/4/2020 2 p.m. PST",4320,1999,18379,1049,60,10304,9561,1177
NW,"2/4/2020 3 p.m. PST",4082,1993,18630,1036,59,10437,9521,1176
NW,"2/4/2020 4 p.m. PST",4150,1398,19594,1026,59,11134,10165,1176
NW,"2/4/2020 5 p.m. PST",4357,313,20849,1021,60,12540,11619,1175
NW,"2/4/2020 6 p.m. PST",4441,1,21488,1021,59,13622,12723,1169
NW,"2/4/2020 7 p.m. PST",4932,0,21167,1024,61,13600,12735,1165
NW,"2/4/2020 8 p.m. PST",5132,-2,20677,1112,60,13340,12647,1160
NW,"2/4/2020 9 p.m. PST",5297,-1,20057,1022,59,12885,12673,1162
NW,"2/4/2020 10 p.m. PST",5245,-1,19253,1034,59,12377,11991,1172
NW,"2/4/2020 11 p.m. PST",4928,-1,18770,1013,61,11859,11523,1173
NW,"2/5/2020 12 a.m. PST",4840,-1,17866,1015,62,11471,11294,1174
NW,"2/5/2020 1 a.m. PST",4945,0,17611,1003,59,10173,11425,1174
NW,"2/5/2020 2 a.m. PST",5220,-1,17487,1010,61,9867,11002,1174
NW,"2/5/2020 3 a.m. PST",5251,-2,17595,1011,62,9902,10866,1174
NW,"2/5/2020 4 a.m. PST",5558,0,17813,999,60,10021,11028,1175
NW,"2/5/2020 5 a.m. PST",5752,0,18267,1005,60,10240,11575,1175
NW,"2/5/2020 6 a.m. PST",6026,-2,19705,1009,62,10746,12086,1178
NW,"2/5/2020 7 a.m. PST",6311,24,20985,1010,61,11017,12479,1179
NW,"2/5/2020 8 a.m. PST",6249,466,21433,1020,61,10519,12658,1178
NW,"2/5/2020 9 a.m. PST",6341,1287,20524,1021,59,10246,12367,1177
NW,"2/5/2020 10 a.m. PST",6105,1554,19814,1030,59,9829,12190,1177
NW,"2/5/2020 11 a.m. PST",6706,1798,19223,1027,59,9297,11930,1178
NW,"2/5/2020 12 p.m. PST",7205,1900,18619,976,59,8453,11020,1177
NW,"2/5/2020 1 p.m. PST",7716,2008,18240,1011,58,8328,10175,1177
NW,"2/5/2020 2 p.m. PST",8399,2053,17731,1016,59,8093,9744,1176
NW,"2/5/2020 3 p.m. PST",8698,1757,17711,1007,60,8310,9701,1176
NW,"2/5/2020 4 p.m. PST",8408,1090,18334,1021,58,9178,9849,1169
NW,"2/5/2020 5 p.m. PST",8263,206,19812,1008,60,9955,10904,1167
NW,"2/5/2020 6 p.m. PST",8144,5,21030,1006,60,10634,11800,1167
NW,"2/5/2020 7 p.m. PST",7883,-1,21012,1017,60,10440,12003,1167
NW,"2/5/2020 8 p.m. PST",7913,1,20905,1007,60,10453,11624,1168
NW,"2/5/2020 9 p.m. PST",7860,0,20441,1006,60,9831,11442,1167
NW,"2/5/2020 10 p.m. PST",8155,-2,19243,1000,59,8854,11093,1168
NW,"2/5/2020 11 p.m. PST",8468,-1,17792,979,59,8315,10654,1167
NW,"2/6/2020 12 a.m. PST",8743,0,17165,957,61,7901,10332,1168
NW,"2/6/2020 1 a.m. PST",8665,-1,17588,934,61,7511,10004,1167
NW,"2/6/2020 2 a.m. PST",8995,0,17279,923,61,7340,9875,1167
NW,"2/6/2020 3 a.m. PST",9196,-2,16991,923,60,7288,9606,1167
NW,"2/6/2020 4 a.m. PST",9245,0,17080,930,60,7500,9521,1167
NW,"2/6/2020 5 a.m. PST",9382,-1,17932,924,61,7889,9871,1166
NW,"2/6/2020 6 a.m. PST",9229,0,19145,935,61,8293,10707,1166
NW,"2/6/2020 7 a.m. PST",8879,33,19740,944,60,8620,11365,1165
NW,"2/6/2020 8 a.m. PST",7856,680,20941,967,59,8746,11362,1163
NW,"2/6/2020 9 a.m. PST",7129,1506,20922,1064,58,8217,10814,1159
NW,"2/6/2020 10 a.m. PST",7328,1753,20246,1004,59,7685,10226,1159
NW,"2/6/2020 11 a.m. PST",7700,1778,20143,996,58,7392,10083,1165
NW,"2/6/2020 12 p.m. PST",7790,1855,19730,986,60,7240,9602,1165
NW,"2/6/2020 1 p.m. PST",7691,1801,19136,976,60,7543,9351,1161
NW,"2/6/2020 2 p.m. PST",7978,1649,18656,968,60,7414,9215,1160
NW,"2/6/2020 3 p.m. PST",7938,1420,19072,942,59,7514,9204,1160
NW,"2/6/2020 4 p.m. PST",7384,1029,19523,937,60,7621,9757,1160
NW,"2/6/2020 5 p.m. PST",7397,302,20834,931,59,8297,10725,1161
NW,"2/6/2020 6 p.m. PST",7622,1,21982,942,60,8799,12128,1160
NW,"2/6/2020 7 p.m. PST",7972,0,22306,951,61,8746,11948,1162
NW,"2/6/2020 8 p.m. PST",8018,-2,21628,960,61,8653,11846,1161
NW,"2/6/2020 9 p.m. PST",8115,0,20261,967,61,8488,11556,1162
NW,"2/6/2020 10 p.m. PST",7993,-2,19348,966,62,8225,11095,1162
NW,"2/6/2020 11 p.m. PST",8301,-1,18890,959,61,7560,10584,1162
NW,"2/7/2020 12 a.m. PST",8104,0,18255,957,61,7352,9604,1163
NW,"2/7/2020 1 a.m. PST",7979,-1,18565,962,61,6671,9257,1164
NW,"2/7/2020 2 a.m. PST",8282,0,18469,967,60,6480,9088,1164
NW,"2/7/2020 3 a.m. PST",8205,0,18405,975,61,6422,9189,1165
NW,"2/7/2020 4 a.m. PST",7963,-1,18603,969,60,6665,9468,1164
NW,"2/7/2020 5 a.m. PST",7442,0,19515,1010,61,7113,9984,1164
NW,"2/7/2020 6 a.m. PST",6804,-3,20726,1010,61,7677,11317,1164
NW,"2/7/2020 7 a.m. PST",6121,29,21018,1015,60,8323,12197,1163
NW,"2/7/2020 8 a.m. PST",5204,607,21610,1012,59,8526,12398,1162
NW,"2/7/2020 9 a.m. PST",4970,1455,21423,1010,58,7675,11974,1163
NW,"2/7/2020 10 a.m. PST",5167,1825,20807,1007,59,7618,11074,1163
NW,"2/7/2020 11 a.m. PST",5646,1961,20338,995,60,7484,10511,1163
NW,"2/7/2020 12 p.m. PST",6120,1992,19658,987,59,7424,10018,1162
NW,"2/7/2020 1 p.m. PST",6399,2018,19239,975,60,7240,9542,1162
NW,"2/7/2020 2 p.m. PST",6500,2074,19155,965,61,7030,9268,1161
NW,"2/7/2020 3 p.m. PST",6691,2040,18944,969,61,6911,9129,1160
NW,"2/7/2020 4 p.m. PST",6548,1589,19760,962,59,7255,9299,1162
NW,"2/7/2020 5 p.m. PST",6144,400,20894,954,61,7862,10510,1161
NW,"2/7/2020 6 p.m. PST",6030,2,21874,957,61,8646,11537,1159
NW,"2/7/2020 7 p.m. PST",5992,0,21700,971,60,8479,11628,1148
NW,"2/7/2020 8 p.m. PST",5382,-2,21333,980,60,8425,11388,1150
NW,"2/7/2020 9 p.m. PST",5528,0,20888,996,60,8112,11529,1154
NW,"2/7/2020 10 p.m. PST",6228,-1,19885,1004,60,7832,10694,1157
NW,"2/7/2020 11 p.m. PST",6689,0,19895,985,61,7337,10376,1153
NW,"2/8/2020 12 a.m. PST",7154,0,19179,990,61,7065,9680,1157
NW,"2/8/2020 1 a.m. PST",7343,-3,18820,971,61,7012,9119,1159
NW,"2/8/2020 2 a.m. PST",7362,-1,18653,944,62,6840,9161,1157
NW,"2/8/2020 3 a.m. PST",7613,0,18824,954,61,6422,8978,1159
NW,"2/8/2020 4 a.m. PST",7961,-1,18796,934,58,6391,8861,1156
NW,"2/8/2020 5 a.m. PST",8163,1,19256,949,60,6393,8944,1156
NW,"2/8/2020 6 a.m. PST",9083,-1,19555,960,61,6359,8914,1158
NW,"2/8/2020 7 a.m. PST",9221,65,19228,959,60,6699,9027,1161
NW,"2/8/2020 8 a.m. PST",9313,975,19300,960,61,6070,8880,1161
NW,"2/8/2020 9 a.m. PST",9705,2159,19066,955,58,5336,8075,1160
NW,"2/8/2020 10 a.m. PST",9704,2304,18761,945,59,5058,7657,1162
NW,"2/8/2020 11 a.m. PST",9484,2240,18591,941,60,4748,7389,1161
NW,"2/8/2020 12 p.m. PST",9595,2168,17905,928,59,4464,7245,1157
NW,"2/8/2020 1 p.m. PST",9765,2149,17488,935,60,4169,6960,1158
NW,"2/8/2020 2 p.m. PST",9615,2214,17069,915,60,4221,6677,1160
NW,"2/8/2020 3 p.m. PST",8999,2159,17462,939,59,4563,6601,1159
NW,"2/8/2020 4 p.m. PST",8545,1630,18022,939,60,5307,6842,1161
NW,"2/8/2020 5 p.m. PST",7618,413,20168,950,60,6820,8141,1161
NW,"2/8/2020 6 p.m. PST",7285,0,21064,965,60,7948,9652,1161
NW,"2/8/2020 7 p.m. PST",7474,0,21840,979,60,7775,9114,1161
NW,"2/8/2020 8 p.m. PST",6961,-1,22016,983,59,7611,9191,1162
NW,"2/8/2020 9 p.m. PST",6398,-1,21876,993,60,7405,9975,1163
NW,"2/8/2020 10 p.m. PST",5885,0,21581,992,60,7124,10472,1163
NW,"2/8/2020 11 p.m. PST",5495,-3,21238,987,60,6916,10277,1165
NW,"2/9/2020 12 a.m. PST",5150,0,20659,988,60,6714,9842,1164
NW,"2/9/2020 1 a.m. PST",4873,-1,18565,1018,60,6797,9675,1165
NW,"2/9/2020 2 a.m. PST",4740,-1,18512,1013,60,6760,9378,1167
NW,"2/9/2020 3 a.m. PST",4658,0,18442,1017,58,6850,9216,1167
NW,"2/9/2020 4 a.m. PST",4659,-2,18368,1005,60,7029,8875,1168
NW,"2/9/2020 5 a.m. PST",4638,0,18947,1005,59,7056,9332,1168
NW,"2/9/2020 6 a.m. PST",4684,-1,19535,1006,60,7345,9788,1170
NW,"2/9/2020 7 a.m. PST",4594,49,20343,1013,61,7634,10896,1169
NW,"2/9/2020 8 a.m. PST",4671,515,21419,1011,60,7436,10313,1171
NW,"2/9/2020 9 a.m. PST",4857,1260,21301,1014,60,6955,9690,1171
NW,"2/9/2020 10 a.m. PST",4677,1659,20576,1009,61,6644,9136,1168
NW,"2/9/2020 11 a.m. PST",4300,1799,19651,1001,62,6551,8482,1166
NW,"2/9/2020 12 p.m. PST",3913,1801,19392,999,62,6679,8523,1164
NW,"2/9/2020 1 p.m. PST",3668,1758,18833,997,61,6829,8547,1162
NW,"2/9/2020 2 p.m. PST",3383,1770,18206,992,61,7123,8531,1161
NW,"2/9/2020 3 p.m. PST",3209,1499,18143,989,60,7633,8516,1160
NW,"2/9/2020 4 p.m. PST",3431,1075,18411,997,59,8536,8938,1160
NW,"2/9/2020 5 p.m. PST",3966,301,19925,991,60,9856,9990,1160
NW,"2/9/2020 6 p.m. PST",4528,1,21207,994,60,10631,11077,1161
NW,"2/9/2020 7 p.m. PST",5391,0,21457,992,59,10415,11395,1161
NW,"2/9/2020 8 p.m. PST",6120,-1,21368,1009,59,9789,10971,1165
NW,"2/9/2020 9 p.m. PST",6163,-1,20722,1011,59,9241,10629,1167
NW,"2/9/2020 10 p.m. PST",6320,-1,20510,1021,59,8540,10342,1167
NW,"2/9/2020 11 p.m. PST",6074,-1,19425,1029,59,8326,9964,1168
NW,"2/10/2020 12 a.m. PST",5955,2,18373,1024,61,8244,9329,1169
NW,"2/10/2020 1 a.m. PST",5548,-2,17899,1022,63,8349,8758,1170
NW,"2/10/2020 2 a.m. PST",4882,-1,17641,1025,63,8441,8892,1170
NW,"2/10/2020 3 a.m. PST",4363,-1,17773,1030,63,8763,8893,1169
NW,"2/10/2020 4 a.m. PST",4533,-1,18168,1026,62,8717,9042,1170
NW,"2/10/2020 5 a.m. PST",4054,0,19131,1030,63,9357,9647,1171
NW,"2/10/2020 6 a.m. PST",3729,0,20603,1027,62,9986,10985,1171
NW,"2/10/2020 7 a.m. PST",3915,47,22046,1040,61,10225,11813,1173
NW,"2/10/2020 8 a.m. PST",3303,873,22074,1039,61,10031,11727,1173
NW,"2/10/2020 9 a.m. PST",3157,2051,21614,1041,62,9078,11093,1172
NW,"2/10/2020 10 a.m. PST",3402,2343,20748,1039,63,8950,10293,1170
NW,"2/10/2020 11 a.m. PST",3490,2307,20306,1013,62,8669,9888,1167
NW,"2/10/2020 12 p.m. PST",3258,2251,19671,987,62,8125,9212,1166
NW,"2/10/2020 1 p.m. PST",3033,2224,19045,965,62,8095,8721,1166
NW,"2/10/2020 2 p.m. PST",3025,2283,18183,967,62,8742,8676,1165
NW,"2/10/2020 3 p.m. PST",2903,2280,18037,965,61,8821,8886,1165
NW,"2/10/2020 4 p.m. PST",2789,1774,18453,973,61,9212,9788,1164
NW,"2/10/2020 5 p.m. PST",2330,512,20025,961,62,10365,11158,1164
NW,"2/10/2020 6 p.m. PST",2280,1,21147,950,62,11226,12057,1165
NW,"2/10/2020 7 p.m. PST",2497,-1,22107,971,60,11239,12392,1165
NW,"2/10/2020 8 p.m. PST",2622,0,21999,973,61,11240,11815,1164
NW,"2/10/2020 9 p.m. PST",3011,0,21638,975,61,10852,11311,1167
NW,"2/10/2020 10 p.m. PST",3146,0,20870,984,61,10591,10805,1167
NW,"2/10/2020 11 p.m. PST",2954,-1,19629,981,61,10078,10294,1166
NW,"2/11/2020 12 a.m. PST",2856,0,18856,986,61,9670,10175,1166
NW,"2/11/2020 1 a.m. PST",2830,0,18314,978,61,9488,10375,1166
NW,"2/11/2020 2 a.m. PST",2886,0,17889,982,61,9513,10457,1167
NW,"2/11/2020 3 a.m. PST",3250,0,17498,984,62,9460,10290,1166
NW,"2/11/2020 4 a.m. PST",3346,-1,17611,985,61,9684,10439,1166
NW,"2/11/2020 5 a.m. PST",3744,-1,18302,993,61,10146,11206,1166
NW,"2/11/2020 6 a.m. PST",4866,0,19756,989,60,10545,11660,1164
NW,"2/11/2020 7 a.m. PST",5859,36,21133,997,60,11049,11837,1166
NW,"2/11/2020 8 a.m. PST",6719,862,21059,1003,60,10160,11728,1165
NW,"2/11/2020 9 a.m. PST",7656,1987,20282,996,61,8666,10547,1166
NW,"2/11/2020 10 a.m. PST",8357,2419,19729,1003,62,7833,9563,1166
NW,"2/11/2020 11 a.m. PST",9170,2434,18545,989,61,7342,8764,1166
NW,"2/11/2020 12 p.m. PST",9802,2376,18148,993,61,6726,8216,1163
NW,"2/11/2020 1 p.m. PST",9745,2442,17773,965,60,6695,7971,1162
NW,"2/11/2020 2 p.m. PST",9896,2508,17482,949,59,6654,7788,1161
NW,"2/11/2020 3 p.m. PST",9961,2425,17294,941,59,6775,7661,1160
NW,"2/11/2020 4 p.m. PST",9941,1758,18328,938,60,7402,8026,1158
NW,"2/11/2020 5 p.m. PST",9991,461,20088,931,59,8563,8949,1156
NW,"2/11/2020 6 p.m. PST",10008,5,20581,963,60,9219,10623,1154
NW,"2/11/2020 7 p.m. PST",9798,-1,21037,974,60,9527,10511,1152
NW,"2/11/2020 8 p.m. PST",9390,0,20838,980,58,9592,10077,1156
NW,"2/11/2020 9 p.m. PST",8961,-1,20277,976,59,9516,9966,1159
NW,"2/11/2020 10 p.m. PST",8009,0,19229,979,59,9172,9850,1162
NW,"2/11/2020 11 p.m. PST",7748,-2,18163,981,59,8371,9362,1162
NW,"2/12/2020 12 a.m. PST",7528,0,17865,979,59,7941,8854,1163
NW,"2/12/2020 1 a.m. PST",6762,0,17575,975,59,7912,8535,1165
NW,"2/12/2020 2 a.m. PST",6428,-1,17311,962,56,7748,8502,1165
NW,"2/12/2020 3 a.m. PST",6201,0,17098,977,59,7652,8421,1168
NW,"2/12/2020 4 a.m. PST",6410,-1,17402,972,59,7802,8583,1167
NW,"2/12/2020 5 a.m. PST",6582,-1,18373,971,58,7845,9070,1169
NW,"2/12/2020 6 a.m. PST",6351,0,20227,985,59,8571,9605,1170
NW,"2/12/2020 7 a.m. PST",6019,78,21852,981,59,8987,9897,1171
NW,"2/12/2020 8 a.m. PST",5672,1031,22032,988,59,8797,10292,1171
NW,"2/12/2020 9 a.m. PST",5349,2204,21740,980,58,7939,9571,1172
NW,"2/12/2020 10 a.m. PST",5309,2342,21078,993,59,7674,9101,1169
NW,"2/12/2020 11 a.m. PST",5164,2340,20400,967,59,7930,8855,1166
NW,"2/12/2020 12 p.m. PST",4659,2273,20067,967,60,7199,8364,1164
NW,"2/12/2020 1 p.m. PST",4404,2269,19676,951,59,7399,8440,1163
NW,"2/12/2020 2 p.m. PST",4062,2284,19252,955,58,7577,8524,1162
NW,"2/12/2020 3 p.m. PST",3569,2310,19187,934,59,7906,8561,1160
NW,"2/12/2020 4 p.m. PST",2926,1844,19657,941,57,8743,9470,1161
NW,"2/12/2020 5 p.m. PST",2259,567,21059,954,59,9596,10392,1162
NW,"2/12/2020 6 p.m. PST",1886,2,22394,942,59,10566,11365,1161
NW,"2/12/2020 7 p.m. PST",1564,0,22480,963,58,11001,11524,1163
NW,"2/12/2020 8 p.m. PST",1330,1,22506,963,58,11017,11324,1163
NW,"2/12/2020 9 p.m. PST",915,0,22286,973,59,10986,11584,1171
NW,"2/12/2020 10 p.m. PST",840,0,21340,976,58,10604,11348,1174
NW,"2/12/2020 11 p.m. PST",723,-2,20143,982,59,10116,10925,1175
NW,"2/13/2020 12 a.m. PST",774,-2,19417,982,60,9939,10474,1168
NW,"2/13/2020 1 a.m. PST",1051,0,18633,981,60,9410,10424,1167
NW,"2/13/2020 2 a.m. PST",1320,-1,18505,979,60,9269,10247,1169
NW,"2/13/2020 3 a.m. PST",1746,0,18559,987,59,9327,10157,1169
NW,"2/13/2020 4 a.m. PST",1904,-3,19138,976,58,9401,10414,1169
NW,"2/13/2020 5 a.m. PST",2027,0,20111,990,58,9826,10787,1170
NW,"2/13/2020 6 a.m. PST",2165,1,21438,991,60,10378,11274,1171
NW,"2/13/2020 7 a.m. PST",2040,64,22425,1007,59,10969,11720,1170
NW,"2/13/2020 8 a.m. PST",2054,1015,22400,1007,59,10934,11719,1170
NW,"2/13/2020 9 a.m. PST",2420,2249,21806,1003,59,10145,10569,1170
NW,"2/13/2020 10 a.m. PST",2632,2486,21500,996,59,9778,10068,1169
NW,"2/13/2020 11 a.m. PST",2556,2408,21153,985,59,9589,9858,1167
NW,"2/13/2020 12 p.m. PST",2730,2311,20435,963,59,9399,9576,1164
NW,"2/13/2020 1 p.m. PST",3193,2295,19809,957,58,9231,9496,1164
NW,"2/13/2020 2 p.m. PST",4287,2317,19060,938,57,9010,8966,1164
NW,"2/13/2020 3 p.m. PST",5248,2324,18492,938,58,8660,8730,1163
NW,"2/13/2020 4 p.m. PST",5624,1887,19456,937,57,9051,9118,1163
NW,"2/13/2020 5 p.m. PST",6503,551,20488,926,56,9453,10026,1163
NW,"2/13/2020 6 p.m. PST",7505,4,21166,944,59,9766,10798,1166
NW,"2/13/2020 7 p.m. PST",8118,1,21845,944,59,9713,10284,1165
NW,"2/13/2020 8 p.m. PST",8364,-1,21959,960,59,9525,9791,1166
NW,"2/13/2020 9 p.m. PST",8757,-3,21271,958,59,8884,9639,1168
NW,"2/13/2020 10 p.m. PST",9289,0,19871,965,58,8282,8917,1168
NW,"2/13/2020 11 p.m. PST",9879,0,18487,941,60,7767,8608,1168
NW,"2/14/2020 12 a.m. PST",10179,0,17622,946,59,7471,8139,1167
NW,"2/14/2020 1 a.m. PST",10139,-1,17274,943,59,7351,7975,1167
NW,"2/14/2020 2 a.m. PST",9289,0,17425,953,59,7593,7907,1168
NW,"2/14/2020 3 a.m. PST",8560,0,17477,957,61,7968,8105,1166
NW,"2/14/2020 4 a.m. PST",8293,1,17711,977,61,8060,8487,1167
NW,"2/14/2020 5 a.m. PST",7824,0,18607,976,60,8383,9277,1167
NW,"2/14/2020 6 a.m. PST",7595,0,20630,999,59,8790,10079,1166
NW,"2/14/2020 7 a.m. PST",7524,125,22191,1008,57,9288,10301,1165
NW,"2/14/2020 8 a.m. PST",7889,1227,22544,1005,57,8846,10138,1166
NW,"2/14/2020 9 a.m. PST",8054,2286,22256,992,58,7813,9244,1166
NW,"2/14/2020 10 a.m. PST",7931,2503,21732,987,58,7793,8888,1166
NW,"2/14/2020 11 a.m. PST",8261,2421,20594,987,59,7461,8365,1163
NW,"2/14/2020 12 p.m. PST",8891,2345,19642,979,58,7174,7998,1160
NW,"2/14/2020 1 p.m. PST",9641,2287,18879,971,57,6583,7666,1160
NW,"2/14/2020 2 p.m. PST",9710,2342,18629,979,58,6321,7366,1159
NW,"2/14/2020 3 p.m. PST",9584,2269,18313,978,57,6423,7389,1160
NW,"2/14/2020 4 p.m. PST",9114,1740,19267,974,57,7241,7882,1159
NW,"2/14/2020 5 p.m. PST",8315,500,20343,971,58,7918,9412,1159
NW,"2/14/2020 6 p.m. PST",8175,4,21442,977,58,8263,10035,1162
NW,"2/14/2020 7 p.m. PST",7970,0,21835,974,58,8640,9507,1163
NW,"2/14/2020 8 p.m. PST",7351,0,21760,991,57,8679,9260,1166
NW,"2/14/2020 9 p.m. PST",7653,0,21316,994,57,8237,9071,998
NW,"2/14/2020 10 p.m. PST",8314,-2,21087,1004,59,7720,8639,504
NW,"2/14/2020 11 p.m. PST",8082,0,19474,1008,59,7334,8869,456
NW,"2/15/2020 12 a.m. PST",7602,0,18784,1029,58,7217,8460,399
NW,"2/15/2020 1 a.m. PST",7434,0,18265,1041,58,6504,8280,394
NW,"2/15/2020 2 a.m. PST",7481,-2,17946,1048,57,6362,8067,393
NW,"2/15/2020 3 a.m. PST",7775,-1,17777,1052,58,6155,7881,394
NW,"2/15/2020 4 a.m. PST",7369,0,18307,1038,58,6422,8184,397
NW,"2/15/2020 5 a.m. PST",6746,-2,18794,1062,58,6730,8806,402
NW,"2/15/2020 6 a.m. PST",5935,0,19706,1057,58,7225,9447,409
NW,"2/15/2020 7 a.m. PST",4681,123,21350,1064,58,7830,10356,418
NW,"2/15/2020 8 a.m. PST",4329,994,21701,1066,58,7442,10327,420
NW,"2/15/2020 9 a.m. PST",4245,1826,21754,1056,59,7068,9509,415
NW,"2/15/2020 10 a.m. PST",4322,1993,21637,1060,59,6923,8760,423
NW,"2/15/2020 11 a.m. PST",5078,1907,21170,1048,58,6961,8588,462
NW,"2/15/2020 12 p.m. PST",5540,1870,20489,1036,58,6634,8275,480
NW,"2/15/2020 1 p.m. PST",6068,1650,20198,1023,58,6228,7886,489
NW,"2/15/2020 2 p.m. PST",6562,1534,20122,1016,57,5879,7624,498
NW,"2/15/2020 3 p.m. PST",6107,1540,19910,1010,57,6175,7760,501
NW,"2/15/2020 4 p.m. PST",6166,1431,20209,995,57,6294,8191,503
NW,"2/15/2020 5 p.m. PST",5653,406,21629,987,56,7763,9190,501
NW,"2/15/2020 6 p.m. PST",5670,5,22446,999,58,8559,10570,503
NW,"2/15/2020 7 p.m. PST",5861,1,22477,1001,59,8521,10550,506
NW,"2/15/2020 8 p.m. PST",5901,0,22211,1006,59,8361,10413,509
NW,"2/15/2020 9 p.m. PST",5732,-2,21924,1006,58,8375,10428,501
NW,"2/15/2020 10 p.m. PST",5798,-1,21006,1005,57,8085,9864,314
NW,"2/15/2020 11 p.m. PST",5726,0,19496,999,57,7790,9375,267
NW,"2/16/2020 12 a.m. PST",6336,-1,18620,1004,57,7583,8769,247
NW,"2/16/2020 1 a.m. PST",6705,-1,17572,1000,56,7445,8502,267
NW,"2/16/2020 2 a.m. PST",6391,-1,17181,1005,57,7494,8670,360
NW,"2/16/2020 3 a.m. PST",5914,1,16751,1005,55,7582,8963,505
NW,"2/16/2020 4 a.m. PST",6223,-1,16601,1004,57,7536,8901,516
NW,"2/16/2020 5 a.m. PST",6280,-1,17153,1002,58,7585,9007,518
NW,"2/16/2020 6 a.m. PST",6381,0,18181,1001,58,7667,9167,519
NW,"2/16/2020 7 a.m. PST",6755,86,18658,1006,57,7748,9348,517
NW,"2/16/2020 8 a.m. PST",7173,655,18920,987,57,7313,9149,515
NW,"2/16/2020 9 a.m. PST",7776,1166,18420,980,58,6442,8362,513
NW,"2/16/2020 10 a.m. PST",8358,1362,18163,982,57,5993,7743,514
NW,"2/16/2020 11 a.m. PST",8754,1570,17570,989,57,5888,7356,512
NW,"2/16/2020 12 p.m. PST",8923,1640,16620,993,57,5986,7178,513
NW,"2/16/2020 1 p.m. PST",8963,1757,15929,972,57,6021,6952,512
NW,"2/16/2020 2 p.m. PST",8898,1736,15639,951,56,6040,6896,512
NW,"2/16/2020 3 p.m. PST",8570,1714,15877,954,56,6242,7011,511
NW,"2/16/2020 4 p.m. PST",8579,1299,16450,965,57,6476,7714,511
NW,"2/16/2020 5 p.m. PST",8522,410,18423,967,58,7028,8888,511
NW,"2/16/2020 6 p.m. PST",7927,5,20511,964,59,7767,10292,511
NW,"2/16/2020 7 p.m. PST",7421,0,21221,984,59,8176,10826,508
NW,"2/16/2020 8 p.m. PST",6666,-1,21216,969,57,7973,10654,508
NW,"2/16/2020 9 p.m. PST",6260,0,20549,1061,56,7786,10713,505
NW,"2/16/2020 10 p.m. PST",6555,-1,19413,1022,58,7598,9899,343
NW,"2/16/2020 11 p.m. PST",7088,-1,18784,1026,58,7005,9511,282
NW,"2/17/2020 12 a.m. PST",7776,1,18360,1033,58,6458,8891,272
NW,"2/17/2020 1 a.m. PST",8444,-1,17519,1008,58,6506,8194,467
NW,"2/17/2020 2 a.m. PST",8317,0,17443,1005,58,6592,7886,498
NW,"2/17/2020 3 a.m. PST",7863,0,17317,1014,56,6947,7803,503
NW,"2/17/2020 4 a.m. PST",7162,-3,17992,1013,56,7626,7992,506
NW,"2/17/2020 5 a.m. PST",6369,0,18910,1027,58,8088,8703,507
NW,"2/17/2020 6 a.m. PST",6122,1,20396,1055,59,8250,9692,509
NW,"2/17/2020 7 a.m. PST",6536,73,20361,1068,58,8127,10105,510
NW,"2/17/2020 8 a.m. PST",6823,689,20714,1071,57,7827,10120,511
NW,"2/17/2020 9 a.m. PST",6545,1478,20334,1065,56,7437,9669,511
NW,"2/17/2020 10 a.m. PST",6156,2121,19665,1053,57,7154,8991,511
NW,"2/17/2020 11 a.m. PST",6061,2283,18977,1051,57,6924,8622,510
NW,"2/17/2020 12 p.m. PST",6021,2210,18701,1032,57,6605,8337,511
NW,"2/17/2020 1 p.m. PST",5477,2196,18551,1026,60,7099,8212,509
NW,"2/17/2020 2 p.m. PST",5187,2226,18304,1041,58,7134,8006,510
NW,"2/17/2020 3 p.m. PST",4789,2098,18297,1043,60,7660,8227,509
NW,"2/17/2020 4 p.m. PST",4087,1756,18549,1044,59,8463,9291,508
NW,"2/17/2020 5 p.m. PST",3436,619,20076,1069,59,9566,10933,508
NW,"2/17/2020 6 p.m. PST",3055,18,21287,1054,61,10751,11939,507
NW,"2/17/2020 7 p.m. PST",3015,0,21996,1055,60,11014,11897,506
NW,"2/17/2020 8 p.m. PST",3061,0,22135,1068,61,10827,11561,506
NW,"2/17/2020 9 p.m. PST",2670,0,21844,1076,60,10578,11457,505
NW,"2/17/2020 10 p.m. PST",2277,-1,21217,1081,60,10060,11081,506
NW,"2/17/2020 11 p.m. PST",2201,-1,20327,1073,60,9439,10964,506
NW,"2/18/2020 12 a.m. PST",1850,-3,19248,1068,61,9418,10575,506
NW,"2/18/2020 1 a.m. PST",1356,-2,18619,1066,60,9434,10704,505
NW,"2/18/2020 2 a.m. PST",954,1,18416,1071,59,9530,10572,506
NW,"2/18/2020 3 a.m. PST",1002,-1,18340,1072,60,9448,10762,506
NW,"2/18/2020 4 a.m. PST",1006,-1,18813,1087,59,9742,10672,506
NW,"2/18/2020 5 a.m. PST",1010,-1,19695,1088,60,10343,11360,505
NW,"2/18/2020 6 a.m. PST",1148,0,20744,1086,61,11478,11976,505
NW,"2/18/2020 7 a.m. PST",1184,89,20955,1093,61,12000,12119,506
NW,"2/18/2020 8 a.m. PST",974,991,20960,1050,59,11830,11965,503
NW,"2/18/2020 9 a.m. PST",842,2117,20383,1087,58,11502,11249,502
NW,"2/18/2020 10 a.m. PST",979,2457,19609,1100,61,10919,10426,500
NW,"2/18/2020 11 a.m. PST",1063,2394,18925,1096,60,10674,10235,499
NW,"2/18/2020 12 p.m. PST",1218,2217,18016,1101,61,10532,10544,439
NW,"2/18/2020 1 p.m. PST",1161,2171,17766,1091,60,10351,10228,264
NW,"2/18/2020 2 p.m. PST",1137,2206,17559,1087,59,10323,10113,297
NW,"2/18/2020 3 p.m. PST",1133,2195,17790,1085,60,10164,10090,467
NW,"2/18/2020 4 p.m. PST",1173,1774,18495,1084,60,10648,10710,490
NW,"2/18/2020 5 p.m. PST",1278,584,19985,1073,59,11475,11331,493
NW,"2/18/2020 6 p.m. PST",1223,10,20854,1076,59,12406,12153,496
NW,"2/18/2020 7 p.m. PST",1239,-1,21667,1073,58,12769,12444,500
NW,"2/18/2020 8 p.m. PST",1195,0,21342,1085,58,12739,12302,504
NW,"2/18/2020 9 p.m. PST",1097,-2,21401,1081,60,12510,12252,506
NW,"2/18/2020 10 p.m. PST",986,-1,20951,1093,60,11771,11539,507
NW,"2/18/2020 11 p.m. PST",892,0,20133,1080,61,11217,11158,508
NW,"2/19/2020 12 a.m. PST",950,-2,19176,1079,59,10618,11159,509
NW,"2/19/2020 1 a.m. PST",1201,-1,17170,1081,60,10339,11392,510
NW,"2/19/2020 2 a.m. PST",1286,-1,16742,1082,60,10296,11326,509
NW,"2/19/2020 3 a.m. PST",1287,0,16470,1085,61,10503,11370,509
NW,"2/19/2020 4 a.m. PST",1254,-1,16781,1090,60,10780,11576,509
NW,"2/19/2020 5 a.m. PST",1156,-2,17843,1090,57,11256,11884,510
NW,"2/19/2020 6 a.m. PST",1153,1,19814,1103,59,12072,12232,509
NW,"2/19/2020 7 a.m. PST",1114,73,21446,1099,59,12418,12527,508
NW,"2/19/2020 8 a.m. PST",1051,1064,21256,1097,58,12414,12381,509
NW,"2/19/2020 9 a.m. PST",1308,2257,20367,1083,59,11832,11713,506
NW,"2/19/2020 10 a.m. PST",1580,2479,19397,1076,60,11191,10855,429
NW,"2/19/2020 11 a.m. PST",1746,2419,18157,1061,60,10873,10717,339
NW,"2/19/2020 12 p.m. PST",2189,2306,17149,1058,59,10326,10833,509
NW,"2/19/2020 1 p.m. PST",2880,2288,16360,1060,58,9727,10137,736
NW,"2/19/2020 2 p.m. PST",3057,2293,15939,1045,57,9419,9785,955
NW,"2/19/2020 3 p.m. PST",3184,2356,15741,1045,58,9292,9620,985
NW,"2/19/2020 4 p.m. PST",3198,2068,16106,1053,58,9830,9920,1011
NW,"2/19/2020 5 p.m. PST",3020,731,18173,1059,57,10793,10970,1039
NW,"2/19/2020 6 p.m. PST",3108,9,19258,1063,59,11477,12069,1080
NW,"2/19/2020 7 p.m. PST",3197,1,19874,1069,57,11773,12310,1116
NW,"2/19/2020 8 p.m. PST",2756,-1,19765,1072,58,12107,12283,1148
NW,"2/19/2020 9 p.m. PST",2650,0,19077,1076,59,12066,12183,1173
NW,"2/19/2020 10 p.m. PST",2390,-1,18334,1084,59,11655,11709,1171
NW,"2/19/2020 11 p.m. PST",2182,-1,16621,1067,60,11137,11571,1173
NW,"2/20/2020 12 a.m. PST",2146,-1,15862,1067,59,10918,11228,1172
NW,"2/20/2020 1 a.m. PST",2282,-1,15390,1063,59,10769,10542,1170
NW,"2/20/2020 2 a.m. PST",2414,0,15282,1063,60,10701,10316,1163
NW,"2/20/2020 3 a.m. PST",2389,-2,15291,1062,59,10672,10284,1165
NW,"2/20/2020 4 a.m. PST",2423,0,15766,1063,57,10927,10730,1163
NW,"2/20/2020 5 a.m. PST",2288,0,17019,1065,59,11332,11675,1166
NW,"2/20/2020 6 a.m. PST",2450,-1,18566,1072,59,12128,12282,1164
NW,"2/20/2020 7 a.m. PST",2624,128,20063,1087,58,12817,12479,1166
NW,"2/20/2020 8 a.m. PST",2591,1256,20434,1095,57,12311,12174,1167
NW,"2/20/2020 9 a.m. PST",2503,2334,19652,1092,58,11532,11135,1164
NW,"2/20/2020 10 a.m. PST",2622,2565,18773,1084,59,10596,10382,1160
NW,"2/20/2020 11 a.m. PST",2776,2537,17597,1079,59,10274,9946,1148
NW,"2/20/2020 12 p.m. PST",2862,2501,16837,1066,60,9757,9499,1169
NW,"2/20/2020 1 p.m. PST",2948,2530,16424,1061,60,9622,9312,1165
NW,"2/20/2020 2 p.m. PST",2842,2601,16313,1056,60,9648,9057,1162
NW,"2/20/2020 3 p.m. PST",2800,2597,16433,1041,59,9893,9134,1162
NW,"2/20/2020 4 p.m. PST",2991,2086,16573,1054,60,10394,10035,1163
NW,"2/20/2020 5 p.m. PST",3199,702,18159,1047,59,10963,10804,1164
NW,"2/20/2020 6 p.m. PST",3553,14,19524,1050,59,11541,11415,1163
NW,"2/20/2020 7 p.m. PST",3719,0,20244,1071,57,11586,11414,1164
NW,"2/20/2020 8 p.m. PST",4074,0,20209,1059,59,11577,11053,1166
NW,"2/20/2020 9 p.m. PST",4277,-1,20103,1081,58,11356,10287,1167
NW,"2/20/2020 10 p.m. PST",4067,1,18921,1078,58,11085,10020,1168
NW,"2/20/2020 11 p.m. PST",3969,-1,16710,1079,59,10855,9870,1168
NW,"2/21/2020 12 a.m. PST",4048,0,15801,1073,61,10675,9541,1168
NW,"2/21/2020 1 a.m. PST",4110,0,15826,1084,60,10370,9702,1170
NW,"2/21/2020 2 a.m. PST",4019,-2,15923,1078,59,10470,9590,1172
NW,"2/21/2020 3 a.m. PST",3760,1,16015,1073,61,10445,9893,1170
NW,"2/21/2020 4 a.m. PST",3655,-1,16160,1080,60,10794,10013,1169
NW,"2/21/2020 5 a.m. PST",3451,1,17323,1077,60,11176,10654,1170
NW,"2/21/2020 6 a.m. PST",3270,2,18929,1095,60,12068,11157,1170
NW,"2/21/2020 7 a.m. PST",3014,161,20912,1094,59,12711,11146,1166
NW,"2/21/2020 8 a.m. PST",2610,1343,21515,1099,57,12366,11241,1154
NW,"2/21/2020 9 a.m. PST",2177,2465,20193,1102,58,11621,10940,1140
NW,"2/21/2020 10 a.m. PST",2001,2624,19388,1091,60,11167,10292,1158
NW,"2/21/2020 11 a.m. PST",1851,2575,18441,1072,59,10914,10011,1165
NW,"2/21/2020 12 p.m. PST",1827,2495,17842,1073,58,10511,10093,1167
NW,"2/21/2020 1 p.m. PST",1776,2487,17201,1068,59,10340,9388,1162
NW,"2/21/2020 2 p.m. PST",1680,2559,16920,1065,59,10418,9440,1165
NW,"2/21/2020 3 p.m. PST",1638,2527,16630,1061,58,10428,9489,1166
NW,"2/21/2020 4 p.m. PST",1777,1978,17009,1052,59,11192,9831,1165
NW,"2/21/2020 5 p.m. PST",1891,669,18179,1049,58,11867,10638,1165
NW,"2/21/2020 6 p.m. PST",2126,14,19020,1050,60,12427,11051,1166
NW,"2/21/2020 7 p.m. PST",2366,-2,19695,1055,61,12110,11244,1165
NW,"2/21/2020 8 p.m. PST",2771,-1,19833,1049,60,11621,11060,1166
NW,"2/21/2020 9 p.m. PST",3505,0,19549,1067,59,11199,10747,1167
NW,"2/21/2020 10 p.m. PST",3910,-1,18662,1067,60,10966,10159,1169
NW,"2/21/2020 11 p.m. PST",4133,-1,17218,1070,61,10536,9799,1170
NW,"2/22/2020 12 a.m. PST",4386,0,16169,1069,61,9712,9535,1170
NW,"2/22/2020 1 a.m. PST",4521,-1,15309,1078,60,9755,9185,1171
NW,"2/22/2020 2 a.m. PST",4332,0,15023,1039,61,9813,9191,1171
NW,"2/22/2020 3 a.m. PST",4813,0,14337,1044,60,9728,9162,1170
NW,"2/22/2020 4 a.m. PST",4937,-1,14388,1037,60,9777,8954,1160
NW,"2/22/2020 5 a.m. PST",5676,-1,15068,1044,61,9284,8909,1170
NW,"2/22/2020 6 a.m. PST",6063,-1,16476,1051,60,9219,9215,1171
NW,"2/22/2020 7 a.m. PST",5908,103,18240,1035,60,9493,9788,1167
NW,"2/22/2020 8 a.m. PST",5295,748,19151,1043,56,9805,9703,1166
NW,"2/22/2020 9 a.m. PST",5384,1360,18985,1045,56,9746,9550,1166
NW,"2/22/2020 10 a.m. PST",6138,1397,16947,1045,56,9627,9417,1165
NW,"2/22/2020 11 a.m. PST",6761,1383,15509,1033,56,9367,9055,1167
NW,"2/22/2020 12 p.m. PST",6590,1721,15062,1028,56,8994,8439,1165
NW,"2/22/2020 1 p.m. PST",6669,1601,15080,1026,58,8889,8201,1161
NW,"2/22/2020 2 p.m. PST",6860,1369,14576,1014,59,8238,8029,1160
NW,"2/22/2020 3 p.m. PST",6771,1167,14403,1017,59,8129,7687,1158
NW,"2/22/2020 4 p.m. PST",5477,916,15131,1019,60,9494,8350,1158
NW,"2/22/2020 5 p.m. PST",4607,318,17076,1022,60,9952,9450,1159
NW,"2/22/2020 6 p.m. PST",4469,13,18563,1008,60,10105,10198,1161
NW,"2/22/2020 7 p.m. PST",4363,-3,19176,1015,60,10145,10482,1162
NW,"2/22/2020 8 p.m. PST",3802,0,19232,1018,61,10170,10442,1162
NW,"2/22/2020 9 p.m. PST",3868,0,18796,1035,60,9962,10329,1160
NW,"2/22/2020 10 p.m. PST",3330,0,17602,1042,59,9945,9829,1161
NW,"2/22/2020 11 p.m. PST",2837,0,16358,1046,60,9733,10318,1161
NW,"2/23/2020 12 a.m. PST",2991,-2,15009,1045,61,9540,10237,1163
NW,"2/23/2020 1 a.m. PST",2684,0,14811,1053,59,9285,9957,1165
NW,"2/23/2020 2 a.m. PST",2577,-2,14649,1051,59,9113,9814,1166
NW,"2/23/2020 3 a.m. PST",2607,0,14506,1054,60,9223,9546,1167
NW,"2/23/2020 4 a.m. PST",3387,0,14191,1053,61,8853,9293,1165
NW,"2/23/2020 5 a.m. PST",3870,-2,14816,1038,61,8694,9319,1165
NW,"2/23/2020 6 a.m. PST",3740,-1,15667,1049,61,8965,9656,1162
NW,"2/23/2020 7 a.m. PST",4202,122,16405,1052,60,9069,10025,1163
NW,"2/23/2020 8 a.m. PST",4893,767,16389,1055,59,8546,10086,1163
NW,"2/23/2020 9 a.m. PST",5643,1471,16055,1052,56,7413,9045,1160
NW,"2/23/2020 10 a.m. PST",6632,1915,15033,1049,58,6953,8465,1158
NW,"2/23/2020 11 a.m. PST",7467,2219,14006,1025,60,6532,8182,1153
NW,"2/23/2020 12 p.m. PST",7014,2140,13861,1000,60,6868,7808,1149
NW,"2/23/2020 1 p.m. PST",6591,2232,13835,994,60,6898,7590,1151
NW,"2/23/2020 2 p.m. PST",6923,2278,13211,975,58,6744,7472,1147
NW,"2/23/2020 3 p.m. PST",7100,2261,12967,964,59,6836,7526,1143
NW,"2/23/2020 4 p.m. PST",7523,1931,13359,969,60,7086,7717,1146
NW,"2/23/2020 5 p.m. PST",7390,740,14895,963,60,8302,9171,1150
NW,"2/23/2020 6 p.m. PST",7499,29,17873,962,61,9543,10936,1156
NW,"2/23/2020 7 p.m. PST",7718,-1,18596,974,60,9750,11093,1159
NW,"2/23/2020 8 p.m. PST",7695,0,18641,995,61,9682,11181,1160
NW,"2/23/2020 9 p.m. PST",7995,-2,17886,975,61,9455,10952,1162
NW,"2/23/2020 10 p.m. PST",8001,-1,16268,985,61,9034,10269,1161
NW,"2/23/2020 11 p.m. PST",7678,0,15066,988,61,8830,9441,1157
NW,"2/24/2020 12 a.m. PST",7694,-1,14314,1002,61,8755,8945,1157
NW,"2/24/2020 1 a.m. PST",7724,0,13751,1012,60,8646,8740,1161
NW,"2/24/2020 2 a.m. PST",7641,-3,13774,1014,60,8656,8615,1163
NW,"2/24/2020 3 a.m. PST",7596,0,13940,1017,60,8614,8553,1164
NW,"2/24/2020 4 a.m. PST",7721,0,14137,1041,61,8755,8619,1164
NW,"2/24/2020 5 a.m. PST",7944,-2,15013,1043,61,9021,9399,1163
NW,"2/24/2020 6 a.m. PST",8259,1,16305,1049,58,9532,10280,1167
NW,"2/24/2020 7 a.m. PST",8577,211,18885,1082,59,9757,10651,1169
NW,"2/24/2020 8 a.m. PST",8519,1462,19443,1092,59,9019,10202,1167
NW,"2/24/2020 9 a.m. PST",9018,2438,18729,1088,61,8387,9275,1169
NW,"2/24/2020 10 a.m. PST",9729,2627,17192,1072,61,7733,8646,1138
NW,"2/24/2020 11 a.m. PST",9901,2488,16910,1068,60,7318,8430,1127
NW,"2/24/2020 12 p.m. PST",9912,2392,16145,1087,61,7315,8221,1127
NW,"2/24/2020 1 p.m. PST",9759,2473,15980,1066,60,6866,8065,1125
NW,"2/24/2020 2 p.m. PST",9781,2507,15582,1062,59,6682,7921,1124
NW,"2/24/2020 3 p.m. PST",9653,2600,15508,1059,61,6833,7974,1123
NW,"2/24/2020 4 p.m. PST",9262,2170,15874,1032,61,7439,8202,1124
NW,"2/24/2020 5 p.m. PST",9281,831,17944,1029,60,8612,8978,1123
NW,"2/24/2020 6 p.m. PST",9066,32,19281,1034,60,9571,10071,1124
NW,"2/24/2020 7 p.m. PST",8703,0,20302,1051,60,9803,10240,1125
NW,"2/24/2020 8 p.m. PST",8063,1,20303,1050,60,9693,10497,1125
NW,"2/24/2020 9 p.m. PST",7710,-2,20185,1060,60,9348,10333,1125
NW,"2/24/2020 10 p.m. PST",7020,-1,19455,1058,60,9089,9847,1125
NW,"2/24/2020 11 p.m. PST",6159,0,17332,1049,60,8947,9768,1129
NW,"2/25/2020 12 a.m. PST",5639,-1,16404,1044,62,8552,9691,1130
NW,"2/25/2020 1 a.m. PST",5353,0,15689,1035,60,8724,9634,1130
NW,"2/25/2020 2 a.m. PST",5127,-1,15599,1040,59,8745,9522,1130
NW,"2/25/2020 3 a.m. PST",4921,-1,15718,1050,61,8830,9702,1130
NW,"2/25/2020 4 a.m. PST",4721,-1,16010,1050,61,9192,9951,1131
NW,"2/25/2020 5 a.m. PST",4428,0,17226,1061,61,9710,10429,1132
NW,"2/25/2020 6 a.m. PST",3798,1,19270,1065,61,10550,11258,1130
NW,"2/25/2020 7 a.m. PST",3291,195,21243,1072,60,11434,11417,1131
NW,"2/25/2020 8 a.m. PST",3160,1474,21259,1082,61,10876,11099,1131
NW,"2/25/2020 9 a.m. PST",3376,2505,20420,1087,60,10017,10088,1132
NW,"2/25/2020 10 a.m. PST",3532,2628,19215,1080,59,9759,9278,1130
NW,"2/25/2020 11 a.m. PST",3846,2601,18347,1048,59,9058,9019,1049
NW,"2/25/2020 12 p.m. PST",3798,2487,17881,1058,60,8876,8904,922
NW,"2/25/2020 1 p.m. PST",3869,2467,17732,1053,60,8812,8852,918
NW,"2/25/2020 2 p.m. PST",3836,2517,17341,1044,60,8727,8638,919
NW,"2/25/2020 3 p.m. PST",3806,2523,17023,1048,60,8852,8646,921
NW,"2/25/2020 4 p.m. PST",3779,2253,17632,1031,60,8835,8810,919
NW,"2/25/2020 5 p.m. PST",3577,921,18899,1036,59,10319,9628,920
NW,"2/25/2020 6 p.m. PST",3510,29,20033,1031,59,11399,11148,920
NW,"2/25/2020 7 p.m. PST",3572,-1,20979,1044,57,11650,11270,923
NW,"2/25/2020 8 p.m. PST",3306,0,20976,1065,58,11851,11228,924
NW,"2/25/2020 9 p.m. PST",3051,-2,20260,1072,57,11811,11351,923
NW,"2/25/2020 10 p.m. PST",2755,1,18962,1089,55,11543,10907,915
NW,"2/25/2020 11 p.m. PST",2745,0,17130,1068,57,11262,10735,919
NW,"2/26/2020 12 a.m. PST",2894,-1,16051,1075,56,11254,9944,922
NW,"2/26/2020 1 a.m. PST",2826,-4,15483,1076,56,11346,9469,927
NW,"2/26/2020 2 a.m. PST",2683,0,15461,1069,57,11122,9522,917
NW,"2/26/2020 3 a.m. PST",2755,1,15520,1065,57,11083,9667,920
NW,"2/26/2020 4 a.m. PST",3102,-2,15690,1069,58,10903,9862,921
NW,"2/26/2020 5 a.m. PST",3280,-1,16593,1073,58,11350,10350,925
NW,"2/26/2020 6 a.m. PST",3440,2,18512,1072,58,11836,11233,937
NW,"2/26/2020 7 a.m. PST",3744,314,20126,1082,57,12099,11678,940
NW,"2/26/2020 8 a.m. PST",4031,1633,19907,1080,57,11369,10702,934
NW,"2/26/2020 9 a.m. PST",4131,2476,18853,1071,55,10148,9885,932
NW,"2/26/2020 10 a.m. PST",4513,2707,17537,1075,55,9740,9317,935
NW,"2/26/2020 11 a.m. PST",5406,2688,16547,1024,57,9279,8971,938
NW,"2/26/2020 12 p.m. PST",5434,2615,16095,1008,56,9087,8526,1012
NW,"2/26/2020 1 p.m. PST",5709,2632,15865,997,57,8566,8374,1119
NW,"2/26/2020 2 p.m. PST",5874,2715,15475,991,56,9214,8187,1147
NW,"2/26/2020 3 p.m. PST",5640,2734,15972,977,57,8973,7991,1160
NW,"2/26/2020 4 p.m. PST",5258,2367,16152,982,58,9305,8656,1161
NW,"2/26/2020 5 p.m. PST",4972,958,17514,985,59,10360,9583,1159
NW,"2/26/2020 6 p.m. PST",5268,39,17923,995,60,11499,10583,1158
NW,"2/26/2020 7 p.m. PST",5396,-1,18147,1009,59,11916,10659,1160
NW,"2/26/2020 8 p.m. PST",5468,1,18354,1017,60,11701,10181,1160
NW,"2/26/2020 9 p.m. PST",5604,-1,18013,1039,59,11153,10097,1162
NW,"2/26/2020 10 p.m. PST",5257,-2,17701,1045,59,10608,9933,1170
NW,"2/26/2020 11 p.m. PST",5312,0,16029,1042,60,10151,9648,1172
NW,"2/27/2020 12 a.m. PST",5050,-1,15134,1036,59,9834,9240,1173
NW,"2/27/2020 1 a.m. PST",4535,1,14779,1039,60,9990,8976,1168
NW,"2/27/2020 2 a.m. PST",4439,-1,14615,1051,60,9924,8890,1169
NW,"2/27/2020 3 a.m. PST",4802,0,14342,1015,59,9909,8913,1168
NW,"2/27/2020 4 a.m. PST",5132,-1,14571,1002,60,9738,9305,1169
NW,"2/27/2020 5 a.m. PST",5046,-1,15706,999,60,9960,10026,1168
NW,"2/27/2020 6 a.m. PST",5521,4,17474,1008,60,10122,10830,1169
NW,"2/27/2020 7 a.m. PST",5311,337,20065,1013,59,10323,11146,1167
NW,"2/27/2020 8 a.m. PST",5271,1748,20311,1019,62,9219,10591,1167
NW,"2/27/2020 9 a.m. PST",5333,2661,19729,1018,63,8439,9350,1167
NW,"2/27/2020 10 a.m. PST",5169,2775,18991,997,61,8200,8498,1158
NW,"2/27/2020 11 a.m. PST",5256,2679,18106,993,60,8139,8158,1153
NW,"2/27/2020 12 p.m. PST",5604,2602,17125,986,59,7955,8039,1159
NW,"2/27/2020 1 p.m. PST",5610,2633,17025,966,58,7800,7810,1158
NW,"2/27/2020 2 p.m. PST",5144,2683,17156,962,59,8457,7737,1158
NW,"2/27/2020 3 p.m. PST",4920,2624,17204,964,61,8942,8371,1155
NW,"2/27/2020 4 p.m. PST",4683,2048,17629,933,59,9168,9081,1155
NW,"2/27/2020 5 p.m. PST",4096,827,18257,923,59,9954,10120,1154
NW,"2/27/2020 6 p.m. PST",3542,39,19092,932,60,10560,10914,1154
NW,"2/27/2020 7 p.m. PST",3196,-2,19779,949,59,11046,11083,1155
NW,"2/27/2020 8 p.m. PST",3237,-1,19877,959,58,10941,11254,1159
NW,"2/27/2020 9 p.m. PST",3404,-1,19321,967,59,10768,11221,1160
NW,"2/27/2020 10 p.m. PST",3790,0,18431,995,59,10185,10635,1163
NW,"2/27/2020 11 p.m. PST",4194,0,16710,1026,60,9576,10279,1164
NW,"2/28/2020 12 a.m. PST",4478,-1,15756,1031,60,9042,9464,1166
NW,"2/28/2020 1 a.m. PST",4749,0,15839,1024,58,8658,8826,1166
NW,"2/28/2020 2 a.m. PST",4646,0,15773,1033,59,8493,8729,1165
NW,"2/28/2020 3 a.m. PST",4684,-2,15640,1029,59,8551,8839,1166
NW,"2/28/2020 4 a.m. PST",5020,-1,16115,1020,58,8575,9176,1168
NW,"2/28/2020 5 a.m. PST",5224,-1,16724,1036,59,8831,9813,1167
NW,"2/28/2020 6 a.m. PST",5003,2,18468,1028,60,9412,10755,1168
NW,"2/28/2020 7 a.m. PST",4872,258,20416,1049,59,9721,11178,1167
NW,"2/28/2020 8 a.m. PST",4314,1169,21042,1057,59,9426,11001,1168
NW,"2/28/2020 9 a.m. PST",3968,2064,20249,1054,59,9069,10368,1167
NW,"2/28/2020 10 a.m. PST",3925,2386,19321,1046,60,8920,9631,1165
NW,"2/28/2020 11 a.m. PST",3875,2312,18389,1030,59,8599,9246,1162
NW,"2/28/2020 12 p.m. PST",3680,2349,17828,1007,60,8059,8929,1161
NW,"2/28/2020 1 p.m. PST",3799,2345,17342,990,59,7590,8730,1159
NW,"2/28/2020 2 p.m. PST",3869,2043,16925,972,59,7991,9087,1157
NW,"2/28/2020 3 p.m. PST",4375,1709,16676,969,59,8406,9466,1155
NW,"2/28/2020 4 p.m. PST",4821,1296,16732,985,60,8646,9468,1153
NW,"2/28/2020 5 p.m. PST",5846,470,17344,994,60,8920,10162,1151
NW,"2/28/2020 6 p.m. PST",6912,29,17747,1011,61,9053,10534,1153
NW,"2/28/2020 7 p.m. PST",7662,0,18276,1009,61,9039,10068,1154
NW,"2/28/2020 8 p.m. PST",7853,-1,18257,1023,58,9021,9438,1157
NW,"2/28/2020 9 p.m. PST",8116,1,18136,1029,58,8418,9231,1154
NW,"2/28/2020 10 p.m. PST",8384,-1,17644,1018,60,7816,8740,1155
NW,"2/28/2020 11 p.m. PST",8925,-1,15705,1031,60,7436,8393,1155
NW,"2/29/2020 12 a.m. PST",8560,-1,14867,1026,59,7573,7927,1157
NW,"2/29/2020 1 a.m. PST",7982,-1,14422,973,61,7706,8239,1159
NW,"2/29/2020 2 a.m. PST",7958,0,14180,976,60,7513,8179,1160
NW,"2/29/2020 3 a.m. PST",7694,-2,14054,1025,61,7629,8100,1157
NW,"2/29/2020 4 a.m. PST",7422,-1,14215,1028,60,7642,8389,1159
NW,"2/29/2020 5 a.m. PST",7117,0,14958,1036,59,7623,8866,1160
NW,"2/29/2020 6 a.m. PST",6694,1,15942,1040,60,7902,9276,1160
NW,"2/29/2020 7 a.m. PST",6683,163,17460,1056,59,7974,9467,1159
NW,"2/29/2020 8 a.m. PST",6799,815,17894,1045,60,7993,9175,1162
NW,"2/29/2020 9 a.m. PST",7002,1137,17493,1046,60,7669,9181,1161
NW,"2/29/2020 10 a.m. PST",7651,1550,15944,1038,59,6712,8807,1157
NW,"2/29/2020 11 a.m. PST",8992,1783,14625,1020,60,6404,7865,1156
NW,"2/29/2020 12 p.m. PST",8844,1831,14243,1009,59,6243,7554,1159
NW,"2/29/2020 1 p.m. PST",8702,1857,13776,1006,58,6190,7306,1160
NW,"2/29/2020 2 p.m. PST",8592,1591,13300,1000,59,6260,7157,1161
NW,"2/29/2020 3 p.m. PST",8304,1281,12797,1002,59,6345,7403,1157
NW,"2/29/2020 4 p.m. PST",8190,1123,12924,1006,60,6488,7804,1159
NW,"2/29/2020 5 p.m. PST",7863,577,14780,1015,60,7128,8448,1159
NW,"2/29/2020 6 p.m. PST",7238,31,18124,1031,61,8417,9114,1158
NW,"2/29/2020 7 p.m. PST",6720,1,19337,1044,60,8989,9808,1158
NW,"2/29/2020 8 p.m. PST",6873,-2,18797,1056,60,8849,9530,1160
NW,"2/29/2020 9 p.m. PST",6547,-2,18811,1055,60,8651,9177,1162
NW,"2/29/2020 10 p.m. PST",6088,0,17886,1071,59,8574,9011,1164
NW,"2/29/2020 11 p.m. PST",5951,0,16771,1068,61,8277,9018,1164
NW,"3/1/2020 12 a.m. PST",6049,0,15986,1025,60,7703,8822,1165
